{
	"v": "5.5.8",
	"fr": 23.9499969482422,
	"ip": 0,
	"op": 120.000229360136,
	"w": 800,
	"h": 1100,
	"nm": "Comp 1",
	"ddd": 0,
	"assets": [
		{
			"id": "comp_0",
			"layers": [
				{
					"ddd": 0,
					"ind": 5,
					"ty": 4,
					"nm": "Recurso-4 contornos",
					"sr": 1,
					"ks": {
						"o": { "a": 0, "k": 100, "ix": 11 },
						"r": { "a": 0, "k": -7, "ix": 10 },
						"p": { "a": 0, "k": [324.896, 329.642, 0], "ix": 2 },
						"a": { "a": 0, "k": [93.098, 96.913, 0], "ix": 1 },
						"s": { "a": 0, "k": [324, 324, 100], "ix": 6 }
					},
					"ao": 0,
					"shapes": [
						{
							"ty": "gr",
							"it": [
								{
									"ind": 0,
									"ty": "sh",
									"ix": 1,
									"ks": {
										"a": 1,
										"k": [
											{
												"i": { "x": 0, "y": 1 },
												"o": { "x": 0.27, "y": 0 },
												"t": 0,
												"s": [
													{
														"i": [
															[-27.414, -10],
															[-8.411, -11.244],
															[-4.606, -13.604],
															[0.093, -13.712],
															[7.084, -12.207],
															[12.048, -7.832],
															[14.584, -1.43],
															[12.782, 5.646],
															[10.395, 9.93],
															[6.853, 12.813],
															[-1.565, 14.745],
															[-25.379, 15.571]
														],
														"o": [
															[13.5, 4.92],
															[8.411, 11.244],
															[4.537, 13.361],
															[-0.093, 13.712],
															[-7.358, 12.67],
															[-12.048, 7.832],
															[-14.303, 1.406],
															[-12.782, -5.646],
															[-10.707, -10.242],
															[-6.853, -12.813],
															[3.132, -29.601],
															[24.871, -15.254]
														],
														"v": [
															[40.531, -92.883],
															[73.077, -67.646],
															[92.281, -29.383],
															[99.538, 11.692],
															[89.363, 51.035],
															[59.716, 82.178],
															[19.23, 96.461],
															[-21.613, 89.408],
															[-56.594, 65.352],
															[-84.075, 30.609],
															[-93.148, -10.887],
															[-41.348, -78.133]
														],
														"c": true
													}
												]
											},
											{
												"i": { "x": 0, "y": 1 },
												"o": { "x": 0.27, "y": 0 },
												"t": 36,
												"s": [
													{
														"i": [
															[-16.89, -3.382],
															[-13.011, -10.914],
															[-3.996, -16.527],
															[2.535, -16.18],
															[10.004, -13.445],
															[16.019, -5.395],
															[16.148, 3.809],
															[11.309, 11.844],
															[5.652, 13.934],
															[-1.387, 15.407],
															[-9.441, 13.183],
															[-15.953, 6.125]
														],
														"o": [
															[16.656, 3.329],
															[13.012, 10.91],
															[3.848, 15.918],
															[-2.586, 16.566],
															[-10.09, 13.57],
															[-15.75, 5.3],
															[-15.945, -3.75],
															[-10.379, -10.875],
															[-5.82, -14.324],
															[1.57, -16.14],
															[9.848, -13.973],
															[16.078, -6.183]
														],
														"v": [
															[12.406, -93.938],
															[58.156, -73.566],
															[86.25, -32.02],
															[79.77, 15.84],
															[71.141, 64.535],
															[26.723, 87.18],
															[-21.457, 95.746],
															[-60.043, 66.695],
															[-84.492, 29.707],
															[-93.238, -15.055],
															[-76.43, -59.82],
															[-38.375, -92.879]
														],
														"c": true
													}
												]
											},
											{
												"i": { "x": 0, "y": 1 },
												"o": { "x": 0.27, "y": 0 },
												"t": 84,
												"s": [
													{
														"i": [
															[-17.047, -0.609],
															[-7.139, -4.535],
															[-7.222, -4.422],
															[-8.004, -15.773],
															[0.508, -17.871],
															[12.336, -17.039],
															[20.57, -4.313],
															[19.16, 4.742],
															[10.304, 17.699],
															[1.371, 20.184],
															[-7.746, 16.86],
															[-16.418, 8.625]
														],
														"o": [
															[8.473, 0.315],
															[7.139, 4.535],
															[15.098, 9.223],
															[8.078, 15.942],
															[-0.593, 21],
															[-12.34, 17.043],
															[-19.312, 4.035],
															[-19.906, -4.918],
															[-10.16, -17.489],
															[-1.211, -18.5],
															[7.75, -16.859],
															[15.082, -7.914]
														],
														"v": [
															[1.09, -96.977],
															[24.153, -88.62],
															[45.34, -74.102],
															[87.738, -44.004],
															[87.23, 8.531],
															[84.492, 70.293],
															[26.742, 92.043],
															[-31.211, 94.465],
															[-83.652, 64.766],
															[-83.027, 5.312],
															[-91.266, -48.551],
															[-45.062, -77.426]
														],
														"c": true
													}
												]
											},
											{
												"t": 119.999985219045,
												"s": [
													{
														"i": [
															[-27.414, -10],
															[-8.411, -11.244],
															[-4.606, -13.604],
															[0.093, -13.712],
															[7.084, -12.207],
															[12.048, -7.832],
															[14.584, -1.43],
															[12.782, 5.646],
															[10.395, 9.93],
															[6.853, 12.813],
															[-1.565, 14.745],
															[-25.379, 15.571]
														],
														"o": [
															[13.5, 4.92],
															[8.411, 11.244],
															[4.537, 13.361],
															[-0.093, 13.712],
															[-7.358, 12.67],
															[-12.048, 7.832],
															[-14.303, 1.406],
															[-12.782, -5.646],
															[-10.707, -10.242],
															[-6.853, -12.813],
															[3.132, -29.601],
															[24.871, -15.254]
														],
														"v": [
															[40.531, -92.883],
															[73.077, -67.646],
															[92.281, -29.383],
															[99.538, 11.692],
															[89.363, 51.035],
															[59.716, 82.178],
															[19.23, 96.461],
															[-21.613, 89.408],
															[-56.594, 65.352],
															[-84.075, 30.609],
															[-93.148, -10.887],
															[-41.348, -78.133]
														],
														"c": true
													}
												]
											}
										],
										"ix": 2
									},
									"nm": "Trazado 1",
									"mn": "ADBE Vector Shape - Group",
									"hd": false
								},
								{
									"ty": "fl",
									"c": {
										"a": 1,
										"k": [
											{
												"i": { "x": [0.05], "y": [1] },
												"o": { "x": [0.15], "y": [0] },
												"t": 0,
												"s": [0.901960790157, 0.917647063732, 0.92549020052, 1]
											},
											{
												"t": 119.999985219045,
												"s": [0.901960790157, 0.917647063732, 0.92549020052, 1]
											}
										],
										"ix": 4
									},
									"o": { "a": 0, "k": 100, "ix": 5 },
									"r": 1,
									"bm": 0,
									"nm": "Relleno 1",
									"mn": "ADBE Vector Graphic - Fill",
									"hd": false
								},
								{
									"ty": "tr",
									"p": { "a": 0, "k": [93.5, 97], "ix": 2 },
									"a": { "a": 0, "k": [0, 0], "ix": 1 },
									"s": { "a": 0, "k": [100, 100], "ix": 3 },
									"r": { "a": 0, "k": 0, "ix": 6 },
									"o": { "a": 0, "k": 100, "ix": 7 },
									"sk": { "a": 0, "k": 0, "ix": 4 },
									"sa": { "a": 0, "k": 0, "ix": 5 },
									"nm": "Transformar"
								}
							],
							"nm": "Grupo 1",
							"np": 2,
							"cix": 2,
							"bm": 0,
							"ix": 1,
							"mn": "ADBE Vector Group",
							"hd": false
						}
					],
					"ip": 0,
					"op": 3404.99956612796,
					"st": 0,
					"bm": 0
				}
			]
		}
	],
	"layers": [
		{
			"ddd": 0,
			"ind": 1,
			"ty": 4,
			"nm": "Capa de formas 2",
			"sr": 1,
			"ks": {
				"o": { "a": 0, "k": 100, "ix": 11 },
				"r": { "a": 0, "k": 0, "ix": 10 },
				"p": { "a": 0, "k": [400, 550, 0], "ix": 2 },
				"a": { "a": 0, "k": [0, 0, 0], "ix": 1 },
				"s": { "a": 0, "k": [100, 100, 100], "ix": 6 }
			},
			"ao": 0,
			"shapes": [],
			"ip": 0,
			"op": 120.000229360136,
			"st": 0,
			"bm": 0
		},
		{
			"ddd": 0,
			"ind": 2,
			"ty": 4,
			"nm": "personaje 2",
			"sr": 1,
			"ks": {
				"o": { "a": 0, "k": 100, "ix": 11 },
				"r": { "a": 0, "k": 0, "ix": 10 },
				"p": { "a": 0, "k": [400, 550, 0], "ix": 2 },
				"a": { "a": 0, "k": [400, 550, 0], "ix": 1 },
				"s": { "a": 0, "k": [100, 100, 100], "ix": 6 }
			},
			"ao": 0,
			"shapes": [
				{
					"ty": "gr",
					"it": [
						{
							"ind": 0,
							"ty": "sh",
							"ix": 1,
							"ks": {
								"a": 0,
								"k": {
									"i": [
										[1.9, 1.268],
										[-2.281, 7.988],
										[-7.905, -0.305],
										[-0.87, -5.147],
										[3.744, -4.083],
										[1.712, -0.428]
									],
									"o": [
										[0, 0],
										[2.28, -7.988],
										[5.123, 0.197],
										[0.923, 5.462],
										[-5.189, 5.658],
										[-2.432, 0.609]
									],
									"v": [
										[-11.649, 15.253],
										[-13.549, -2.625],
										[6.973, -18.6],
										[14.907, -8.949],
										[9.949, 6.101],
										[-2.908, 18.296]
									],
									"c": true
								},
								"ix": 2
							},
							"nm": "Trazado 1",
							"mn": "ADBE Vector Shape - Group",
							"hd": false
						},
						{
							"ty": "fl",
							"c": {
								"a": 0,
								"k": [
									0.4666666666666667, 0.44313725490196076, 0.42745098039215684,
									1
								],
								"ix": 4
							},
							"o": { "a": 0, "k": 100, "ix": 5 },
							"r": 1,
							"bm": 0,
							"nm": "Relleno 1",
							"mn": "ADBE Vector Graphic - Fill",
							"hd": false
						},
						{
							"ty": "tr",
							"p": { "a": 0, "k": [514.832, 480.61], "ix": 2 },
							"a": { "a": 0, "k": [0, 0], "ix": 1 },
							"s": { "a": 0, "k": [100, 100], "ix": 3 },
							"r": { "a": 0, "k": 0, "ix": 6 },
							"o": { "a": 0, "k": 100, "ix": 7 },
							"sk": { "a": 0, "k": 0, "ix": 4 },
							"sa": { "a": 0, "k": 0, "ix": 5 },
							"nm": "Transformar"
						}
					],
					"nm": "Grupo 5",
					"np": 2,
					"cix": 2,
					"bm": 0,
					"ix": 1,
					"mn": "ADBE Vector Group",
					"hd": false
				},
				{
					"ty": "gr",
					"it": [
						{
							"ind": 0,
							"ty": "sh",
							"ix": 1,
							"ks": {
								"a": 0,
								"k": {
									"i": [
										[-0.926, 0.896],
										[0, 0],
										[-1.556, 0],
										[0, 0],
										[0, 0],
										[-1.385, -1.04],
										[0, 0],
										[0.835, -0.865],
										[0, 0],
										[2.171, 0],
										[0, 0],
										[-0.237, 0.709],
										[0, 0],
										[0, 0]
									],
									"o": [
										[0, 0],
										[1.119, -1.081],
										[0, 0],
										[0, 0],
										[1.732, 0],
										[0, 0],
										[0.962, 0.722],
										[0, 0],
										[-1.508, 1.563],
										[0, 0],
										[-0.748, 0],
										[0, 0],
										[0, 0],
										[0.407, -1.222]
									],
									"v": [
										[-68.842, 27.355],
										[-5.488, -33.88],
										[-1.318, -35.565],
										[-1.084, -35.565],
										[64.276, -35.565],
										[69.079, -33.964],
										[71.215, -32.359],
										[71.454, -29.372],
										[11.157, 33.121],
										[5.4, 35.565],
										[-71.012, 35.565],
										[-72.052, 34.123],
										[-71.899, 33.664],
										[-70.872, 30.579]
									],
									"c": true
								},
								"ix": 2
							},
							"nm": "Trazado 1",
							"mn": "ADBE Vector Shape - Group",
							"hd": false
						},
						{
							"ty": "fl",
							"c": {
								"a": 0,
								"k": [0.803921987496, 0.83529399797, 0.854902020623, 1],
								"ix": 4
							},
							"o": { "a": 0, "k": 100, "ix": 5 },
							"r": 1,
							"bm": 0,
							"nm": "Relleno 1",
							"mn": "ADBE Vector Graphic - Fill",
							"hd": false
						},
						{
							"ty": "tr",
							"p": { "a": 0, "k": [476.143, 468.285], "ix": 2 },
							"a": { "a": 0, "k": [0, 0], "ix": 1 },
							"s": { "a": 0, "k": [100, 100], "ix": 3 },
							"r": { "a": 0, "k": 0, "ix": 6 },
							"o": { "a": 0, "k": 100, "ix": 7 },
							"sk": { "a": 0, "k": 0, "ix": 4 },
							"sa": { "a": 0, "k": 0, "ix": 5 },
							"nm": "Transformar"
						}
					],
					"nm": "Grupo 6",
					"np": 2,
					"cix": 2,
					"bm": 0,
					"ix": 2,
					"mn": "ADBE Vector Group",
					"hd": false
				},
				{
					"ty": "gr",
					"it": [
						{
							"ind": 0,
							"ty": "sh",
							"ix": 1,
							"ks": {
								"a": 0,
								"k": {
									"i": [
										[0, 0],
										[0, 0],
										[15.324, 5.024],
										[0, 0]
									],
									"o": [
										[0, 0],
										[-11.085, 6.021],
										[0, 0],
										[0, 0]
									],
									"v": [
										[13.769, -14.683],
										[19.781, 6.978],
										[-14.318, 9.659],
										[-19.781, -14.605]
									],
									"c": true
								},
								"ix": 2
							},
							"nm": "Trazado 1",
							"mn": "ADBE Vector Shape - Group",
							"hd": false
						},
						{
							"ty": "fl",
							"c": {
								"a": 0,
								"k": [
									0.5137254901960784, 0.4823529411764706, 0.4627450980392157, 1
								],
								"ix": 4
							},
							"o": { "a": 0, "k": 100, "ix": 5 },
							"r": 1,
							"bm": 0,
							"nm": "Relleno 1",
							"mn": "ADBE Vector Graphic - Fill",
							"hd": false
						},
						{
							"ty": "tr",
							"p": { "a": 0, "k": [412.75, 380.856], "ix": 2 },
							"a": { "a": 0, "k": [0, 0], "ix": 1 },
							"s": { "a": 0, "k": [100, 100], "ix": 3 },
							"r": { "a": 0, "k": 0, "ix": 6 },
							"o": { "a": 0, "k": 100, "ix": 7 },
							"sk": { "a": 0, "k": 0, "ix": 4 },
							"sa": { "a": 0, "k": 0, "ix": 5 },
							"nm": "Transformar"
						}
					],
					"nm": "Grupo 7",
					"np": 2,
					"cix": 2,
					"bm": 0,
					"ix": 3,
					"mn": "ADBE Vector Group",
					"hd": false
				},
				{
					"ty": "gr",
					"it": [
						{
							"ind": 0,
							"ty": "sh",
							"ix": 1,
							"ks": {
								"a": 0,
								"k": {
									"i": [
										[44.299, -5.466],
										[1.222, -14.421],
										[-6.337, -0.231],
										[0, 0],
										[0, 0],
										[-10.12, -4.136],
										[-4.647, 3.813],
										[-8.467, -9.575],
										[-1.553, -10.834],
										[15.77, -16.455]
									],
									"o": [
										[-27.277, 3.365],
										[0, 0],
										[2.61, 1.934],
										[0, 0],
										[-0.154, -10.99],
										[10.121, 4.135],
										[4.647, -3.814],
										[3.963, 4.481],
										[15.336, -23.7],
										[-27.513, 6.367]
									],
									"v": [
										[-23.511, -43.171],
										[-63.5, -6.424],
										[-59.845, 33.105],
										[-49.304, 51.552],
										[-45.65, 52.598],
										[-30.009, 25.297],
										[-20.881, -2.492],
										[41.489, 3.557],
										[40.907, 37.414],
										[50.412, -36.143]
									],
									"c": true
								},
								"ix": 2
							},
							"nm": "Trazado 1",
							"mn": "ADBE Vector Shape - Group",
							"hd": false
						},
						{
							"ty": "fl",
							"c": {
								"a": 0,
								"k": [
									0.5411764705882353, 0.5058823529411764, 0.4980392156862745, 1
								],
								"ix": 4
							},
							"o": { "a": 0, "k": 100, "ix": 5 },
							"r": 1,
							"bm": 0,
							"nm": "Relleno 1",
							"mn": "ADBE Vector Graphic - Fill",
							"hd": false
						},
						{
							"ty": "tr",
							"p": { "a": 0, "k": [413.459, 268.428], "ix": 2 },
							"a": { "a": 0, "k": [0, 0], "ix": 1 },
							"s": { "a": 0, "k": [100, 100], "ix": 3 },
							"r": { "a": 0, "k": 0, "ix": 6 },
							"o": { "a": 0, "k": 100, "ix": 7 },
							"sk": { "a": 0, "k": 0, "ix": 4 },
							"sa": { "a": 0, "k": 0, "ix": 5 },
							"nm": "Transformar"
						}
					],
					"nm": "Grupo 8",
					"np": 2,
					"cix": 2,
					"bm": 0,
					"ix": 4,
					"mn": "ADBE Vector Group",
					"hd": false
				},
				{
					"ty": "gr",
					"it": [
						{
							"ind": 0,
							"ty": "sh",
							"ix": 1,
							"ks": {
								"a": 0,
								"k": {
									"i": [
										[0.254, -14.17],
										[10.39, -4.544],
										[12.978, 6.984],
										[4.811, 19.228],
										[5.553, 10.624],
										[-12.412, -1.526],
										[0, 0],
										[0, 0],
										[0, 0],
										[0, 0],
										[0, 0]
									],
									"o": [
										[-0.254, 14.17],
										[-12.705, 1.914],
										[-16.464, -8.684],
										[-7.053, 0.581],
										[-4.208, -14.519],
										[0, 0],
										[0, 0],
										[0, 0],
										[0, 0],
										[0, 0],
										[-0.019, 7.907]
									],
									"v": [
										[51.972, 35.106],
										[20.485, 66.448],
										[-12.401, 59.804],
										[-40.844, 25.156],
										[-57.024, 12.612],
										[-47.31, -4.785],
										[-37.5, 13.453],
										[-42.19, -22.705],
										[-8.194, -68.362],
										[61.232, -48.491],
										[52.347, -6.328]
									],
									"c": true
								},
								"ix": 2
							},
							"nm": "Trazado 1",
							"mn": "ADBE Vector Shape - Group",
							"hd": false
						},
						{
							"ty": "fl",
							"c": {
								"a": 0,
								"k": [
									0.5215686274509804, 0.49411764705882355, 0.47843137254901963,
									1
								],
								"ix": 4
							},
							"o": { "a": 0, "k": 100, "ix": 5 },
							"r": 1,
							"bm": 0,
							"nm": "Relleno 1",
							"mn": "ADBE Vector Graphic - Fill",
							"hd": false
						},
						{
							"ty": "tr",
							"p": { "a": 0, "k": [401.655, 306.527], "ix": 2 },
							"a": { "a": 0, "k": [0, 0], "ix": 1 },
							"s": { "a": 0, "k": [100, 100], "ix": 3 },
							"r": { "a": 0, "k": 0, "ix": 6 },
							"o": { "a": 0, "k": 100, "ix": 7 },
							"sk": { "a": 0, "k": 0, "ix": 4 },
							"sa": { "a": 0, "k": 0, "ix": 5 },
							"nm": "Transformar"
						}
					],
					"nm": "Grupo 9",
					"np": 2,
					"cix": 2,
					"bm": 0,
					"ix": 5,
					"mn": "ADBE Vector Group",
					"hd": false
				},
				{
					"ty": "gr",
					"it": [
						{
							"ind": 0,
							"ty": "sh",
							"ix": 1,
							"ks": {
								"a": 0,
								"k": {
									"i": [
										[-4.26, 62.228],
										[0, 0],
										[0, 0],
										[-11.782, 0.38],
										[0, 0],
										[6.081, -66.186],
										[0, 0],
										[4.94, 12.552],
										[-0.075, -39.851],
										[0.351, -0.074],
										[30.912, 10.646],
										[0.76, 0.945],
										[0.225, 0.908]
									],
									"o": [
										[2.406, -7.916],
										[0, 0],
										[0, 0],
										[11.781, -0.38],
										[50.926, 10.271],
										[0, 0],
										[0, -20.921],
										[-20.565, 63.912],
										[0.001, 0.358],
										[-30.156, 6.392],
										[-0.882, -0.303],
										[-0.76, -0.945],
										[-6.117, -24.716]
									],
									"v": [
										[-26.502, -4.753],
										[-13.96, -41.268],
										[16.444, -43.171],
										[32.786, -43.171],
										[50.648, -45.833],
										[101.194, 39.753],
										[77.631, 39.753],
										[72.691, 7.42],
										[59.388, 126.234],
										[58.784, 126.987],
										[-26.122, 126.479],
										[-28.782, 124.958],
										[-29.883, 122.294]
									],
									"c": true
								},
								"ix": 2
							},
							"nm": "Trazado 1",
							"mn": "ADBE Vector Shape - Group",
							"hd": false
						},
						{
							"ty": "fl",
							"c": {
								"a": 0,
								"k": [0.6, 0.792156982422, 0.67843095368, 1],
								"ix": 4
							},
							"o": { "a": 0, "k": 100, "ix": 5 },
							"r": 1,
							"bm": 0,
							"nm": "Relleno 1",
							"mn": "ADBE Vector Graphic - Fill",
							"hd": false
						},
						{
							"ty": "tr",
							"p": { "a": 0, "k": [381.846, 433.668], "ix": 2 },
							"a": { "a": 0, "k": [0, 0], "ix": 1 },
							"s": { "a": 0, "k": [100, 100], "ix": 3 },
							"r": { "a": 0, "k": 0, "ix": 6 },
							"o": { "a": 0, "k": 100, "ix": 7 },
							"sk": { "a": 0, "k": 0, "ix": 4 },
							"sa": { "a": 0, "k": 0, "ix": 5 },
							"nm": "Transformar"
						}
					],
					"nm": "Grupo 10",
					"np": 2,
					"cix": 2,
					"bm": 0,
					"ix": 6,
					"mn": "ADBE Vector Group",
					"hd": false
				},
				{
					"ty": "gr",
					"it": [
						{
							"ind": 0,
							"ty": "sh",
							"ix": 1,
							"ks": {
								"a": 0,
								"k": {
									"i": [
										[-3.729, 3.076],
										[1.371, 8.788],
										[2.632, -1.318],
										[1.919, 1.922],
										[0.548, -2.746],
										[3.564, -0.275],
										[1.645, -2.746],
										[-6.169, 1.686],
										[-1.736, 3.661]
									],
									"o": [
										[3.015, -7.964],
										[-0.731, -0.549],
										[-3.289, 1.648],
										[-1.919, -1.922],
										[-0.548, 2.746],
										[-3.564, 0.274],
										[-8.443, 14.094],
										[4.825, -1.318],
										[2.193, -0.366]
									],
									"v": [
										[28.21, 4.486],
										[29.032, -19.68],
										[22.726, -18.581],
										[15.05, -22.151],
										[0.794, -22.151],
										[-3.867, -7.322],
										[-22.783, 10.802],
										[0.794, 22.335],
										[16.969, 10.802]
									],
									"c": true
								},
								"ix": 2
							},
							"nm": "Trazado 1",
							"mn": "ADBE Vector Shape - Group",
							"hd": false
						},
						{
							"ty": "fl",
							"c": {
								"a": 0,
								"k": [0.6, 0.792156982422, 0.67843095368, 1],
								"ix": 4
							},
							"o": { "a": 0, "k": 100, "ix": 5 },
							"r": 1,
							"bm": 0,
							"nm": "Relleno 1",
							"mn": "ADBE Vector Graphic - Fill",
							"hd": false
						},
						{
							"ty": "tr",
							"p": { "a": 0, "k": [359.663, 835.492], "ix": 2 },
							"a": { "a": 0, "k": [0, 0], "ix": 1 },
							"s": { "a": 0, "k": [100, 100], "ix": 3 },
							"r": { "a": 0, "k": 0, "ix": 6 },
							"o": { "a": 0, "k": 100, "ix": 7 },
							"sk": { "a": 0, "k": 0, "ix": 4 },
							"sa": { "a": 0, "k": 0, "ix": 5 },
							"nm": "Transformar"
						}
					],
					"nm": "Grupo 11",
					"np": 2,
					"cix": 2,
					"bm": 0,
					"ix": 7,
					"mn": "ADBE Vector Group",
					"hd": false
				},
				{
					"ty": "gr",
					"it": [
						{
							"ind": 0,
							"ty": "sh",
							"ix": 1,
							"ks": {
								"a": 0,
								"k": {
									"i": [
										[0, 0],
										[31.757, 9.095],
										[0, 0],
										[0, 0],
										[0, 0],
										[0, 0],
										[0, 0]
									],
									"o": [
										[-32.348, 7.023],
										[0, 0],
										[0, 0],
										[0, 0],
										[0, 0],
										[0, 0],
										[0, 0]
									],
									"v": [
										[34.584, -123.433],
										[-47.506, -125.716],
										[-37.245, 122.292],
										[-14.442, 122.292],
										[-6.081, -67.138],
										[24.323, 125.716],
										[47.506, 125.716]
									],
									"c": true
								},
								"ix": 2
							},
							"nm": "Trazado 1",
							"mn": "ADBE Vector Shape - Group",
							"hd": false
						},
						{
							"ty": "fl",
							"c": {
								"a": 0,
								"k": [0.043137299781, 0.160783999574, 0.36470600203, 1],
								"ix": 4
							},
							"o": { "a": 0, "k": 100, "ix": 5 },
							"r": 1,
							"bm": 0,
							"nm": "Relleno 1",
							"mn": "ADBE Vector Graphic - Fill",
							"hd": false
						},
						{
							"ty": "tr",
							"p": { "a": 0, "k": [402.85, 681.678], "ix": 2 },
							"a": { "a": 0, "k": [0, 0], "ix": 1 },
							"s": { "a": 0, "k": [100, 100], "ix": 3 },
							"r": { "a": 0, "k": 0, "ix": 6 },
							"o": { "a": 0, "k": 100, "ix": 7 },
							"sk": { "a": 0, "k": 0, "ix": 4 },
							"sa": { "a": 0, "k": 0, "ix": 5 },
							"nm": "Transformar"
						}
					],
					"nm": "Grupo 12",
					"np": 2,
					"cix": 2,
					"bm": 0,
					"ix": 8,
					"mn": "ADBE Vector Group",
					"hd": false
				},
				{
					"ty": "gr",
					"it": [
						{
							"ind": 0,
							"ty": "sh",
							"ix": 1,
							"ks": {
								"a": 0,
								"k": {
									"i": [
										[3.729, 3.076],
										[-1.371, 8.787],
										[-2.632, -1.318],
										[-1.919, 1.922],
										[-0.548, -2.746],
										[-3.564, -0.275],
										[-1.645, -2.746],
										[6.169, 1.685],
										[1.736, 3.661]
									],
									"o": [
										[-3.015, -7.964],
										[0.731, -0.55],
										[3.29, 1.648],
										[1.919, -1.922],
										[0.548, 2.746],
										[3.564, 0.274],
										[8.442, 14.094],
										[-4.825, -1.319],
										[-2.194, -0.366]
									],
									"v": [
										[-28.21, 4.487],
										[-29.032, -19.678],
										[-22.727, -18.581],
										[-15.05, -22.15],
										[-0.794, -22.15],
										[3.866, -7.321],
										[22.783, 10.802],
										[-0.794, 22.336],
										[-16.969, 10.802]
									],
									"c": true
								},
								"ix": 2
							},
							"nm": "Trazado 1",
							"mn": "ADBE Vector Shape - Group",
							"hd": false
						},
						{
							"ty": "fl",
							"c": {
								"a": 0,
								"k": [0.6, 0.792156982422, 0.67843095368, 1],
								"ix": 4
							},
							"o": { "a": 0, "k": 100, "ix": 5 },
							"r": 1,
							"bm": 0,
							"nm": "Relleno 1",
							"mn": "ADBE Vector Graphic - Fill",
							"hd": false
						},
						{
							"ty": "tr",
							"p": { "a": 0, "k": [457.439, 838.535], "ix": 2 },
							"a": { "a": 0, "k": [0, 0], "ix": 1 },
							"s": { "a": 0, "k": [100, 100], "ix": 3 },
							"r": { "a": 0, "k": 0, "ix": 6 },
							"o": { "a": 0, "k": 100, "ix": 7 },
							"sk": { "a": 0, "k": 0, "ix": 4 },
							"sa": { "a": 0, "k": 0, "ix": 5 },
							"nm": "Transformar"
						}
					],
					"nm": "Grupo 13",
					"np": 2,
					"cix": 2,
					"bm": 0,
					"ix": 9,
					"mn": "ADBE Vector Group",
					"hd": false
				},
				{
					"ty": "gr",
					"it": [
						{
							"ind": 0,
							"ty": "sh",
							"ix": 1,
							"ks": {
								"a": 0,
								"k": {
									"i": [
										[0, 0],
										[0, 0],
										[0, 0],
										[0, 0]
									],
									"o": [
										[0, 0],
										[0, 0],
										[0, 0],
										[0, 0]
									],
									"v": [
										[8.779, 12.521],
										[8.603, -15.467],
										[-8.779, -15.816],
										[-8.002, 15.817]
									],
									"c": true
								},
								"ix": 2
							},
							"nm": "Trazado 1",
							"mn": "ADBE Vector Shape - Group",
							"hd": false
						},
						{
							"ty": "fl",
							"c": {
								"a": 0,
								"k": [
									0.5137254901960784, 0.48627450980392156, 0.47058823529411764,
									1
								],
								"ix": 4
							},
							"o": { "a": 0, "k": 100, "ix": 5 },
							"r": 1,
							"bm": 0,
							"nm": "Relleno 1",
							"mn": "ADBE Vector Graphic - Fill",
							"hd": false
						},
						{
							"ty": "tr",
							"p": { "a": 0, "k": [375.867, 809.741], "ix": 2 },
							"a": { "a": 0, "k": [0, 0], "ix": 1 },
							"s": { "a": 0, "k": [100, 100], "ix": 3 },
							"r": { "a": 0, "k": 0, "ix": 6 },
							"o": { "a": 0, "k": 100, "ix": 7 },
							"sk": { "a": 0, "k": 0, "ix": 4 },
							"sa": { "a": 0, "k": 0, "ix": 5 },
							"nm": "Transformar"
						}
					],
					"nm": "Grupo 14",
					"np": 2,
					"cix": 2,
					"bm": 0,
					"ix": 10,
					"mn": "ADBE Vector Group",
					"hd": false
				},
				{
					"ty": "gr",
					"it": [
						{
							"ind": 0,
							"ty": "sh",
							"ix": 1,
							"ks": {
								"a": 0,
								"k": {
									"i": [
										[0, 0],
										[0, 0],
										[0, 0],
										[0, 0]
									],
									"o": [
										[0, 0],
										[0, 0],
										[0, 0],
										[0, 0]
									],
									"v": [
										[-6.973, 14.451],
										[-10.079, -13.365],
										[7.144, -15.753],
										[10.08, 15.753]
									],
									"c": true
								},
								"ix": 2
							},
							"nm": "Trazado 1",
							"mn": "ADBE Vector Shape - Group",
							"hd": false
						},
						{
							"ty": "fl",
							"c": {
								"a": 0,
								"k": [
									0.4549019607843137, 0.4235294117647059, 0.403921568627451, 1
								],
								"ix": 4
							},
							"o": { "a": 0, "k": 100, "ix": 5 },
							"r": 1,
							"bm": 0,
							"nm": "Relleno 1",
							"mn": "ADBE Vector Graphic - Fill",
							"hd": false
						},
						{
							"ty": "tr",
							"p": { "a": 0, "k": [439.06, 809.556], "ix": 2 },
							"a": { "a": 0, "k": [0, 0], "ix": 1 },
							"s": { "a": 0, "k": [100, 100], "ix": 3 },
							"r": { "a": 0, "k": 0, "ix": 6 },
							"o": { "a": 0, "k": 100, "ix": 7 },
							"sk": { "a": 0, "k": 0, "ix": 4 },
							"sa": { "a": 0, "k": 0, "ix": 5 },
							"nm": "Transformar"
						}
					],
					"nm": "Grupo 15",
					"np": 2,
					"cix": 2,
					"bm": 0,
					"ix": 11,
					"mn": "ADBE Vector Group",
					"hd": false
				}
			],
			"ip": 0,
			"op": 120.000229360136,
			"st": 0,
			"bm": 0
		},
		{
			"ddd": 0,
			"ind": 3,
			"ty": 4,
			"nm": "wifi_icon",
			"parent": 4,
			"sr": 1,
			"ks": {
				"o": { "a": 0, "k": 100, "ix": 11 },
				"r": {
					"a": 1,
					"k": [
						{
							"i": { "x": [0.2], "y": [1] },
							"o": { "x": [0.18], "y": [0] },
							"t": 0,
							"s": [0]
						},
						{
							"i": { "x": [0.2], "y": [1] },
							"o": { "x": [0.18], "y": [0] },
							"t": 43,
							"s": [45]
						},
						{
							"i": { "x": [0.2], "y": [1] },
							"o": { "x": [0.18], "y": [0] },
							"t": 81,
							"s": [-31]
						},
						{ "t": 119.000190751185, "s": [0] }
					],
					"ix": 10
				},
				"p": { "a": 0, "k": [198.575, -239.681, 0], "ix": 2 },
				"a": { "a": 0, "k": [198.575, -239.681, 0], "ix": 1 },
				"s": { "a": 0, "k": [100, 100, 100], "ix": 6 }
			},
			"ao": 0,
			"shapes": [
				{
					"ty": "gr",
					"it": [
						{
							"ind": 0,
							"ty": "sh",
							"ix": 1,
							"ks": {
								"a": 0,
								"k": {
									"i": [
										[-0.417, 0],
										[-0.417, 0],
										[-0.834, 0.827],
										[0, 1.24],
										[0.834, 0.827],
										[1.668, -1.654],
										[0.105, -0.207],
										[0.209, -0.206],
										[0, -0.414],
										[-0.834, -0.828]
									],
									"o": [
										[0.417, 0.413],
										[1.251, 0],
										[0.834, -0.828],
										[0, -0.827],
										[-1.668, -1.654],
										[-0.208, 0.207],
										[-0.104, 0.207],
										[-0.417, 0.414],
										[0, 1.24],
										[0.417, 0.413]
									],
									"v": [
										[7.693, 37.023],
										[9.362, 37.435],
										[12.281, 36.195],
										[13.532, 33.301],
										[12.281, 30.406],
										[6.442, 30.406],
										[6.025, 31.026],
										[5.609, 31.646],
										[5.191, 33.301],
										[6.442, 36.195]
									],
									"c": true
								},
								"ix": 2
							},
							"nm": "Trazado 1",
							"mn": "ADBE Vector Shape - Group",
							"hd": false
						},
						{
							"ind": 1,
							"ty": "sh",
							"ix": 2,
							"ks": {
								"a": 0,
								"k": {
									"i": [
										[1.251, 0],
										[0.834, 0.413],
										[7.09, -4.963],
										[1.251, 1.654],
										[-1.668, 1.241],
										[-10.009, -7.03],
										[1.668, -2.068]
									],
									"o": [
										[-0.834, 0],
										[-7.09, -4.963],
										[-2.085, 1.24],
										[-1.251, -2.068],
										[10.009, -7.03],
										[2.085, 1.241],
										[-0.417, 1.24]
									],
									"v": [
										[23.958, 21.308],
										[21.457, 20.481],
										[-2.733, 20.481],
										[-8.571, 19.654],
										[-7.736, 13.864],
										[26.043, 13.864],
										[26.878, 19.654]
									],
									"c": true
								},
								"ix": 2
							},
							"nm": "Trazado 2",
							"mn": "ADBE Vector Shape - Group",
							"hd": false
						},
						{
							"ind": 2,
							"ty": "sh",
							"ix": 3,
							"ks": {
								"a": 0,
								"k": {
									"i": [
										[0, 0],
										[18.23, -14.865],
										[-1.669, -1.654],
										[-1.251, 0],
										[-0.417, 1.241],
										[-15.43, -12.82],
										[-1.315, 0.421]
									],
									"o": [
										[-18.658, -14.017],
										[-1.668, 1.241],
										[0.834, 1.24],
										[0.834, 0],
										[15.431, -12.82],
										[1.069, 1.061],
										[0, 0]
									],
									"v": [
										[39.848, -2.297],
										[-22.75, -1.024],
										[-23.167, 4.766],
										[-19.831, 6.419],
										[-17.329, 5.179],
										[36.052, 5.179],
										[39.848, 6.029]
									],
									"c": true
								},
								"ix": 2
							},
							"nm": "Trazado 3",
							"mn": "ADBE Vector Shape - Group",
							"hd": false
						},
						{
							"ind": 3,
							"ty": "sh",
							"ix": 4,
							"ks": {
								"a": 0,
								"k": {
									"i": [
										[0, 0],
										[21.704, -18.832],
										[-1.668, -1.654],
										[-1.252, 0],
										[-0.834, 0.413],
										[-22.824, -12.68]
									],
									"o": [
										[-25.104, -11.795],
										[-1.668, 1.655],
										[0.834, 0.827],
										[1.251, 0],
										[20.027, -17.732],
										[0, 0]
									],
									"v": [
										[39.848, -25.641],
										[-37.764, -15.086],
										[-38.181, -9.295],
										[-34.844, -8.055],
										[-31.924, -8.881],
										[39.848, -16.459]
									],
									"c": true
								},
								"ix": 2
							},
							"nm": "Trazado 4",
							"mn": "ADBE Vector Shape - Group",
							"hd": false
						},
						{
							"ty": "mm",
							"mm": 1,
							"nm": "Combinar trazados 1",
							"mn": "ADBE Vector Filter - Merge",
							"hd": false
						},
						{
							"ty": "fl",
							"c": {
								"a": 0,
								"k": [
									0.027450980392156862, 0.29411764705882354, 0.592156862745098,
									1
								],
								"ix": 4
							},
							"o": { "a": 0, "k": 100, "ix": 5 },
							"r": 1,
							"bm": 0,
							"nm": "Relleno 1",
							"mn": "ADBE Vector Graphic - Fill",
							"hd": false
						},
						{
							"ty": "tr",
							"p": { "a": 0, "k": [185.041, -243.891], "ix": 2 },
							"a": { "a": 0, "k": [0, 0], "ix": 1 },
							"s": { "a": 0, "k": [100, 100], "ix": 3 },
							"r": { "a": 0, "k": 0, "ix": 6 },
							"o": { "a": 0, "k": 100, "ix": 7 },
							"sk": { "a": 0, "k": 0, "ix": 4 },
							"sa": { "a": 0, "k": 0, "ix": 5 },
							"nm": "Transformar"
						}
					],
					"nm": "Grupo 1",
					"np": 6,
					"cix": 2,
					"bm": 0,
					"ix": 1,
					"mn": "ADBE Vector Group",
					"hd": false
				},
				{
					"ty": "gr",
					"it": [
						{
							"ind": 0,
							"ty": "sh",
							"ix": 1,
							"ks": {
								"a": 0,
								"k": {
									"i": [
										[-5.083, 0],
										[0, 0],
										[0, -5.083],
										[0, 0],
										[5.083, 0],
										[0, 5.083],
										[0, 0]
									],
									"o": [
										[0, 0],
										[5.083, 0],
										[0, 0],
										[0, 5.083],
										[-5.083, 0],
										[0, 0],
										[0, -5.083]
									],
									"v": [
										[-0.001, -9.313],
										[-0.001, -9.313],
										[9.204, -0.109],
										[9.204, 0.108],
										[-0.001, 9.313],
										[-9.204, 0.108],
										[-9.204, -0.109]
									],
									"c": true
								},
								"ix": 2
							},
							"nm": "Trazado 1",
							"mn": "ADBE Vector Shape - Group",
							"hd": false
						},
						{
							"ty": "fl",
							"c": {
								"a": 0,
								"k": [
									0.027450980392156862, 0.29411764705882354, 0.592156862745098,
									1
								],
								"ix": 4
							},
							"o": { "a": 0, "k": 100, "ix": 5 },
							"r": 1,
							"bm": 0,
							"nm": "Relleno 1",
							"mn": "ADBE Vector Graphic - Fill",
							"hd": false
						},
						{
							"ty": "tr",
							"p": { "a": 0, "k": [242.147, -204.502], "ix": 2 },
							"a": { "a": 0, "k": [0, 0], "ix": 1 },
							"s": { "a": 0, "k": [100, 100], "ix": 3 },
							"r": { "a": 0, "k": 0, "ix": 6 },
							"o": { "a": 0, "k": 100, "ix": 7 },
							"sk": { "a": 0, "k": 0, "ix": 4 },
							"sa": { "a": 0, "k": 0, "ix": 5 },
							"nm": "Transformar"
						}
					],
					"nm": "Grupo 2",
					"np": 2,
					"cix": 2,
					"bm": 0,
					"ix": 2,
					"mn": "ADBE Vector Group",
					"hd": false
				},
				{
					"ty": "gr",
					"it": [
						{
							"ind": 0,
							"ty": "sh",
							"ix": 1,
							"ks": {
								"a": 0,
								"k": {
									"i": [
										[-5.083, 0],
										[0, 0],
										[0, -5.083],
										[0, 0],
										[5.083, 0],
										[0, 5.083],
										[0, 0]
									],
									"o": [
										[0, 0],
										[5.083, 0],
										[0, 0],
										[0, 5.083],
										[-5.083, 0],
										[0, 0],
										[0, -5.083]
									],
									"v": [
										[-0.001, -26.902],
										[-0.001, -26.902],
										[9.204, -17.699],
										[9.204, 17.699],
										[-0.001, 26.902],
										[-9.204, 17.699],
										[-9.204, -17.699]
									],
									"c": true
								},
								"ix": 2
							},
							"nm": "Trazado 1",
							"mn": "ADBE Vector Shape - Group",
							"hd": false
						},
						{
							"ty": "fl",
							"c": {
								"a": 0,
								"k": [
									0.027450980392156862, 0.29411764705882354, 0.592156862745098,
									1
								],
								"ix": 4
							},
							"o": { "a": 0, "k": 100, "ix": 5 },
							"r": 1,
							"bm": 0,
							"nm": "Relleno 1",
							"mn": "ADBE Vector Graphic - Fill",
							"hd": false
						},
						{
							"ty": "tr",
							"p": { "a": 0, "k": [242.147, -257.271], "ix": 2 },
							"a": { "a": 0, "k": [0, 0], "ix": 1 },
							"s": { "a": 0, "k": [100, 100], "ix": 3 },
							"r": { "a": 0, "k": 0, "ix": 6 },
							"o": { "a": 0, "k": 100, "ix": 7 },
							"sk": { "a": 0, "k": 0, "ix": 4 },
							"sa": { "a": 0, "k": 0, "ix": 5 },
							"nm": "Transformar"
						}
					],
					"nm": "Grupo 3",
					"np": 2,
					"cix": 2,
					"bm": 0,
					"ix": 3,
					"mn": "ADBE Vector Group",
					"hd": false
				}
			],
			"ip": 0,
			"op": 120.000229360136,
			"st": 17.9999977064033,
			"bm": 0
		},
		{
			"ddd": 0,
			"ind": 4,
			"ty": 4,
			"nm": "burbuja",
			"sr": 1,
			"ks": {
				"o": { "a": 0, "k": 100, "ix": 11 },
				"r": {
					"a": 1,
					"k": [
						{
							"i": { "x": [0.2], "y": [1] },
							"o": { "x": [0.18], "y": [0] },
							"t": 0,
							"s": [0]
						},
						{
							"i": { "x": [0.2], "y": [1] },
							"o": { "x": [0.18], "y": [0] },
							"t": 43,
							"s": [-45]
						},
						{
							"i": { "x": [0.2], "y": [1] },
							"o": { "x": [0.18], "y": [0] },
							"t": 81,
							"s": [31]
						},
						{ "t": 119.000227448802, "s": [0] }
					],
					"ix": 10
				},
				"p": { "a": 0, "k": [534.277, 421.219, 0], "ix": 2 },
				"a": { "a": 0, "k": [101.277, -141.781, 0], "ix": 1 },
				"s": { "a": 0, "k": [100, 100, 100], "ix": 6 }
			},
			"ao": 0,
			"shapes": [
				{
					"ty": "gr",
					"it": [
						{
							"ind": 0,
							"ty": "sh",
							"ix": 1,
							"ks": {
								"a": 0,
								"k": {
									"i": [
										[-15.958, 0],
										[0, 52.655],
										[52.609, 0],
										[0, -52.655],
										[-6.732, -13.072],
										[2.195, -5.158],
										[0, 0],
										[-3.508, 1.495],
										[0, 0],
										[-5.004, -2.629]
									],
									"o": [
										[52.609, 0],
										[0, -52.655],
										[-52.609, 0],
										[0, 15.719],
										[2.566, 4.983],
										[0, 0],
										[-1.494, 3.511],
										[0, 0],
										[5.2, -2.216],
										[13.213, 6.942]
									],
									"v": [
										[1.724, 93.868],
										[96.981, -1.472],
										[1.724, -96.813],
										[-93.534, -1.472],
										[-83.001, 42.15],
										[-82.039, 58.154],
										[-95.487, 89.759],
										[-89.932, 95.318],
										[-58.606, 81.964],
										[-42.489, 82.999]
									],
									"c": true
								},
								"ix": 2
							},
							"nm": "Trazado 1",
							"mn": "ADBE Vector Shape - Group",
							"hd": false
						},
						{
							"ty": "gf",
							"o": { "a": 0, "k": 100, "ix": 10 },
							"r": 1,
							"bm": 0,
							"g": {
								"p": 3,
								"k": {
									"a": 0,
									"k": [
										0, 0.663, 0.678, 0.729, 0.5, 0.739, 0.767, 0.804, 1, 0.816,
										0.855, 0.878
									],
									"ix": 9
								}
							},
							"s": { "a": 0, "k": [64, -66], "ix": 5 },
							"e": { "a": 0, "k": [-62, 38], "ix": 6 },
							"t": 2,
							"h": { "a": 0, "k": 0.7, "ix": 7 },
							"a": { "a": 0, "k": 234, "ix": 8 },
							"nm": "Relleno de degradado 1",
							"mn": "ADBE Vector Graphic - G-Fill",
							"hd": false
						},
						{
							"ty": "tr",
							"p": { "a": 0, "k": [196.706, -238.209], "ix": 2 },
							"a": { "a": 0, "k": [0, 0], "ix": 1 },
							"s": { "a": 0, "k": [100, 100], "ix": 3 },
							"r": { "a": 0, "k": 0, "ix": 6 },
							"o": { "a": 0, "k": 100, "ix": 7 },
							"sk": { "a": 0, "k": 0, "ix": 4 },
							"sa": { "a": 0, "k": 0, "ix": 5 },
							"nm": "Transformar"
						}
					],
					"nm": "Grupo 4",
					"np": 2,
					"cix": 2,
					"bm": 0,
					"ix": 1,
					"mn": "ADBE Vector Group",
					"hd": false
				}
			],
			"ip": 120.000229360136,
			"op": 120.000229360136,
			"st": 0,
			"bm": 0,
			"hidden": 120.000229360136
		},
		{
			"ddd": 0,
			"ind": 5,
			"ty": 4,
			"nm": "brazo",
			"sr": 1,
			"ks": {
				"o": { "a": 0, "k": 100, "ix": 11 },
				"r": {
					"a": 1,
					"k": [
						{
							"i": { "x": [0], "y": [1] },
							"o": { "x": [0.22], "y": [0] },
							"t": 0,
							"s": [0]
						},
						{
							"i": { "x": [0], "y": [1] },
							"o": { "x": [0.22], "y": [0] },
							"t": 20,
							"s": [-11]
						},
						{
							"i": { "x": [0], "y": [1] },
							"o": { "x": [0.22], "y": [0] },
							"t": 48,
							"s": [0]
						},
						{
							"i": { "x": [0], "y": [1] },
							"o": { "x": [0.22], "y": [0] },
							"t": 92,
							"s": [-11]
						},
						{ "t": 119.999985219045, "s": [0] }
					],
					"ix": 10
				},
				"p": { "a": 0, "k": [374.034, 417.646, 0], "ix": 2 },
				"a": { "a": 0, "k": [374.909, 419.896, 0], "ix": 1 },
				"s": { "a": 0, "k": [100, 100, 100], "ix": 6 }
			},
			"ao": 0,
			"shapes": [
				{
					"ty": "gr",
					"it": [
						{
							"ind": 0,
							"ty": "sh",
							"ix": 1,
							"ks": {
								"a": 0,
								"k": {
									"i": [
										[-0.921, 13.447],
										[25.176, 53.268],
										[-3.379, 3.533],
										[-8.475, 6.474],
										[5.321, -12.784],
										[4.236, -3.527],
										[-24.878, -4.934],
										[7.695, -18.024]
									],
									"o": [
										[-34.472, -21.175],
										[-2.089, -4.421],
										[9.19, -9.611],
										[12.542, -3.466],
										[-3.643, 2.928],
										[13.303, 42.17],
										[0, 0],
										[-7.695, 18.024]
									],
									"v": [
										[-26.502, -4.753],
										[-105.186, -96.689],
										[-103.079, -109.921],
										[-77.048, -133.658],
										[-57.286, -113.69],
										[-69.067, -104.031],
										[-13.96, -41.269],
										[8.224, -8.442]
									],
									"c": true
								},
								"ix": 2
							},
							"nm": "Trazado 1",
							"mn": "ADBE Vector Shape - Group",
							"hd": false
						},
						{
							"ty": "fl",
							"c": {
								"a": 0,
								"k": [0.6, 0.792156982422, 0.67843095368, 1],
								"ix": 4
							},
							"o": { "a": 0, "k": 100, "ix": 5 },
							"r": 1,
							"bm": 0,
							"nm": "Relleno 1",
							"mn": "ADBE Vector Graphic - Fill",
							"hd": false
						},
						{
							"ty": "tr",
							"p": { "a": 0, "k": [381.846, 433.668], "ix": 2 },
							"a": { "a": 0, "k": [0, 0], "ix": 1 },
							"s": { "a": 0, "k": [100, 100], "ix": 3 },
							"r": { "a": 0, "k": 0, "ix": 6 },
							"o": { "a": 0, "k": 100, "ix": 7 },
							"sk": { "a": 0, "k": 0, "ix": 4 },
							"sa": { "a": 0, "k": 0, "ix": 5 },
							"nm": "Transformar"
						}
					],
					"nm": "Grupo 10",
					"np": 2,
					"cix": 2,
					"bm": 0,
					"ix": 1,
					"mn": "ADBE Vector Group",
					"hd": false
				},
				{
					"ty": "gr",
					"it": [
						{
							"ind": 0,
							"ty": "sh",
							"ix": 1,
							"ks": {
								"a": 0,
								"k": {
									"i": [
										[0, 0],
										[0, 0],
										[14.062, -13.694],
										[24.703, -26.246],
										[0, 0],
										[-24.159, 11.492],
										[-5.186, -1.617],
										[0, 0]
									],
									"o": [
										[0, 0],
										[-4.542, -1.803],
										[-26.177, 6.526],
										[0, 0],
										[26.324, -22.481],
										[0, 0],
										[5.186, 1.617],
										[0, 0]
									],
									"v": [
										[50.197, -32.902],
										[45.205, -36.596],
										[24.893, -10.08],
										[-57.197, 41.271],
										[-32.494, 46.596],
										[32.114, 3.233],
										[39.227, 2.983],
										[56.147, -26.711]
									],
									"c": true
								},
								"ix": 2
							},
							"nm": "Trazado 1",
							"mn": "ADBE Vector Shape - Group",
							"hd": false
						},
						{
							"ty": "fl",
							"c": {
								"a": 0,
								"k": [
									0.6274509803921569, 0.6039215686274509, 0.5882352941176471, 1
								],
								"ix": 4
							},
							"o": { "a": 0, "k": 100, "ix": 5 },
							"r": 1,
							"bm": 0,
							"nm": "Relleno 1",
							"mn": "ADBE Vector Graphic - Fill",
							"hd": false
						},
						{
							"ty": "tr",
							"p": { "a": 0, "k": [340.712, 281.899], "ix": 2 },
							"a": { "a": 0, "k": [0, 0], "ix": 1 },
							"s": { "a": 0, "k": [100, 100], "ix": 3 },
							"r": { "a": 0, "k": 0, "ix": 6 },
							"o": { "a": 0, "k": 100, "ix": 7 },
							"sk": { "a": 0, "k": 0, "ix": 4 },
							"sa": { "a": 0, "k": 0, "ix": 5 },
							"nm": "Transformar"
						}
					],
					"nm": "Grupo 16",
					"np": 2,
					"cix": 2,
					"bm": 0,
					"ix": 2,
					"mn": "ADBE Vector Group",
					"hd": false
				}
			],
			"ip": 0,
			"op": 120.000229360136,
			"st": 0,
			"bm": 0
		},
		{
			"ddd": 0,
			"ind": 8,
			"ty": 4,
			"nm": "direcciones",
			"sr": 1,
			"ks": {
				"o": { "a": 0, "k": 100, "ix": 11 },
				"r": { "a": 0, "k": 0, "ix": 10 },
				"p": { "a": 0, "k": [216.489, 620.463, 0], "ix": 2 },
				"a": { "a": 0, "k": [216.489, 616.463, 0], "ix": 1 },
				"s": { "a": 0, "k": [100, 100, 100], "ix": 6 }
			},
			"ao": 0,
			"shapes": [
				{
					"ty": "gr",
					"it": [
						{
							"ind": 0,
							"ty": "sh",
							"ix": 1,
							"ks": {
								"a": 0,
								"k": {
									"i": [
										[0, 0],
										[0, 0],
										[0, 0],
										[0, 0],
										[0, 0]
									],
									"o": [
										[0, 0],
										[0, 0],
										[0, 0],
										[0, 0],
										[0, 0]
									],
									"v": [
										[-72.652, 41.979],
										[-85.257, -11.821],
										[57.865, -41.979],
										[85.257, -18.157],
										[72.955, 7.807]
									],
									"c": true
								},
								"ix": 2
							},
							"nm": "Trazado 1",
							"mn": "ADBE Vector Shape - Group",
							"hd": false
						},
						{
							"ty": "fl",
							"c": {
								"a": 0,
								"k": [
									0.07450980392156863, 0.403921568627451, 0.7725490196078432, 1
								],
								"ix": 4
							},
							"o": { "a": 0, "k": 100, "ix": 5 },
							"r": 1,
							"bm": 0,
							"nm": "Relleno 1",
							"mn": "ADBE Vector Graphic - Fill",
							"hd": false
						},
						{
							"ty": "tr",
							"p": { "a": 0, "k": [229.262, 629.861], "ix": 2 },
							"a": { "a": 0, "k": [0, 0], "ix": 1 },
							"s": { "a": 0, "k": [100, 100], "ix": 3 },
							"r": { "a": 0, "k": 0, "ix": 6 },
							"o": { "a": 0, "k": 100, "ix": 7 },
							"sk": { "a": 0, "k": 0, "ix": 4 },
							"sa": { "a": 0, "k": 0, "ix": 5 },
							"nm": "Transformar"
						}
					],
					"nm": "Grupo 17",
					"np": 2,
					"cix": 2,
					"bm": 0,
					"ix": 1,
					"mn": "ADBE Vector Group",
					"hd": false
				},
				{
					"ty": "gr",
					"it": [
						{
							"ind": 0,
							"ty": "sh",
							"ix": 1,
							"ks": {
								"a": 0,
								"k": {
									"i": [
										[0, 0],
										[0, 0],
										[0, 0],
										[0, 0],
										[0, 0]
									],
									"o": [
										[0, 0],
										[0, 0],
										[0, 0],
										[0, 0],
										[0, 0]
									],
									"v": [
										[79.268, 33.382],
										[84.972, -21.584],
										[-60.81, -33.382],
										[-84.972, -6.284],
										[-69.489, 17.915]
									],
									"c": true
								},
								"ix": 2
							},
							"nm": "Trazado 1",
							"mn": "ADBE Vector Shape - Group",
							"hd": false
						},
						{
							"ty": "fl",
							"c": {
								"a": 0,
								"k": [
									0.07450980392156863, 0.403921568627451, 0.7725490196078432, 1
								],
								"ix": 4
							},
							"o": { "a": 0, "k": 100, "ix": 5 },
							"r": 1,
							"bm": 0,
							"nm": "Relleno 1",
							"mn": "ADBE Vector Graphic - Fill",
							"hd": false
						},
						{
							"ty": "tr",
							"p": { "a": 0, "k": [203.43, 528.396], "ix": 2 },
							"a": { "a": 0, "k": [0, 0], "ix": 1 },
							"s": { "a": 0, "k": [100, 100], "ix": 3 },
							"r": { "a": 0, "k": 0, "ix": 6 },
							"o": { "a": 0, "k": 100, "ix": 7 },
							"sk": { "a": 0, "k": 0, "ix": 4 },
							"sa": { "a": 0, "k": 0, "ix": 5 },
							"nm": "Transformar"
						}
					],
					"nm": "Grupo 18",
					"np": 2,
					"cix": 2,
					"bm": 0,
					"ix": 2,
					"mn": "ADBE Vector Group",
					"hd": false
				},
				{
					"ty": "gr",
					"it": [
						{
							"ind": 0,
							"ty": "sh",
							"ix": 1,
							"ks": {
								"a": 0,
								"k": {
									"i": [
										[0, 0],
										[0, 0],
										[0, 0],
										[0, 0],
										[0, 0]
									],
									"o": [
										[0, 0],
										[0, 0],
										[0, 0],
										[0, 0],
										[0, 0]
									],
									"v": [
										[-71.052, 43.768],
										[-85.137, -9.664],
										[57.097, -43.768],
										[85.137, -20.713],
										[73.557, 5.582]
									],
									"c": true
								},
								"ix": 2
							},
							"nm": "Trazado 1",
							"mn": "ADBE Vector Shape - Group",
							"hd": false
						},
						{
							"ty": "fl",
							"c": {
								"a": 0,
								"k": [
									0.07450980392156863, 0.403921568627451, 0.7725490196078432, 1
								],
								"ix": 4
							},
							"o": { "a": 0, "k": 100, "ix": 5 },
							"r": 1,
							"bm": 0,
							"nm": "Relleno 1",
							"mn": "ADBE Vector Graphic - Fill",
							"hd": false
						},
						{
							"ty": "tr",
							"p": { "a": 0, "k": [209.912, 440.108], "ix": 2 },
							"a": { "a": 0, "k": [0, 0], "ix": 1 },
							"s": { "a": 0, "k": [100, 100], "ix": 3 },
							"r": { "a": 0, "k": 0, "ix": 6 },
							"o": { "a": 0, "k": 100, "ix": 7 },
							"sk": { "a": 0, "k": 0, "ix": 4 },
							"sa": { "a": 0, "k": 0, "ix": 5 },
							"nm": "Transformar"
						}
					],
					"nm": "Grupo 19",
					"np": 2,
					"cix": 2,
					"bm": 0,
					"ix": 3,
					"mn": "ADBE Vector Group",
					"hd": false
				},
				{
					"ty": "gr",
					"it": [
						{
							"ind": 0,
							"ty": "sh",
							"ix": 1,
							"ks": {
								"a": 0,
								"k": {
									"i": [
										[0, 0],
										[0, 0],
										[0, 0],
										[0, 0]
									],
									"o": [
										[0, 0],
										[0, 0],
										[0, 0],
										[0, 0]
									],
									"v": [
										[-15.005, -236.359],
										[-32.21, -234.631],
										[15.006, 236.359],
										[32.21, 234.631]
									],
									"c": true
								},
								"ix": 2
							},
							"nm": "Trazado 1",
							"mn": "ADBE Vector Shape - Group",
							"hd": false
						},
						{
							"ty": "fl",
							"c": {
								"a": 0,
								"k": [0.337254991718, 0.254901990704, 0.172548989689, 1],
								"ix": 4
							},
							"o": { "a": 0, "k": 100, "ix": 5 },
							"r": 1,
							"bm": 0,
							"nm": "Relleno 1",
							"mn": "ADBE Vector Graphic - Fill",
							"hd": false
						},
						{
							"ty": "tr",
							"p": { "a": 0, "k": [220.064, 616.463], "ix": 2 },
							"a": { "a": 0, "k": [0, 0], "ix": 1 },
							"s": { "a": 0, "k": [100, 100], "ix": 3 },
							"r": { "a": 0, "k": 0, "ix": 6 },
							"o": { "a": 0, "k": 100, "ix": 7 },
							"sk": { "a": 0, "k": 0, "ix": 4 },
							"sa": { "a": 0, "k": 0, "ix": 5 },
							"nm": "Transformar"
						}
					],
					"nm": "Grupo 21",
					"np": 2,
					"cix": 2,
					"bm": 0,
					"ix": 4,
					"mn": "ADBE Vector Group",
					"hd": false
				}
			],
			"ip": 0,
			"op": 120.000229360136,
			"st": 0,
			"bm": 0
		},
		{
			"ddd": 0,
			"ind": 9,
			"ty": 4,
			"nm": "piso",
			"sr": 1,
			"ks": {
				"o": { "a": 0, "k": 100, "ix": 11 },
				"r": { "a": 0, "k": 0, "ix": 10 },
				"p": { "a": 0, "k": [400, 1008, 0], "ix": 2 },
				"a": { "a": 0, "k": [0, 0, 0], "ix": 1 },
				"s": { "a": 0, "k": [790, 181.7, 100], "ix": 6 }
			},
			"ao": 0,
			"shapes": [
				{
					"ind": 0,
					"ty": "sh",
					"ix": 1,
					"ks": {
						"a": 0,
						"k": {
							"i": [
								[0, 0],
								[0, 0],
								[0, 0],
								[0, 0],
								[-35, 0]
							],
							"o": [
								[0, 0],
								[0, 0],
								[0, 0],
								[0, 0],
								[35, 0]
							],
							"v": [
								[50, -50],
								[50, 50],
								[-50, 50],
								[-50, -50],
								[0.25, -98.913]
							],
							"c": true
						},
						"ix": 2
					},
					"nm": "Trazado 1",
					"mn": "ADBE Vector Shape - Group",
					"hd": false
				},
				{
					"ty": "gf",
					"o": { "a": 0, "k": 100, "ix": 10 },
					"r": 1,
					"bm": 0,
					"g": {
						"p": 3,
						"k": {
							"a": 0,
							"k": [
								0, 0.769, 0.769, 0.769, 0.5, 0.776, 0.802, 0.818, 1, 0.784,
								0.835, 0.867, 0.717, 0, 0.859, 0.4, 1, 0.8
							],
							"ix": 9
						}
					},
					"s": { "a": 0, "k": [0, 0], "ix": 5 },
					"e": { "a": 0, "k": [100, 0], "ix": 6 },
					"t": 2,
					"h": { "a": 0, "k": 0, "ix": 7 },
					"a": { "a": 0, "k": 0, "ix": 8 },
					"nm": "Relleno de degradado 1",
					"mn": "ADBE Vector Graphic - G-Fill",
					"hd": false
				}
			],
			"ip": 0,
			"op": 120.000229360136,
			"st": 0,
			"bm": 0
		},
		{
			"ddd": 0,
			"ind": 10,
			"ty": 0,
			"nm": "blobs",
			"refId": "comp_0",
			"sr": 1,
			"ks": {
				"o": { "a": 0, "k": 100, "ix": 11 },
				"r": { "a": 0, "k": 0, "ix": 10 },
				"p": { "a": 0, "k": [400, 550, 0], "ix": 2 },
				"a": { "a": 0, "k": [400, 550, 0], "ix": 1 },
				"s": { "a": 0, "k": [100, 100, 100], "ix": 6 }
			},
			"ao": 0,
			"w": 800,
			"h": 1100,
			"ip": 0,
			"op": 120.000229360136,
			"st": 0,
			"bm": 0
		}
	],
	"markers": []
}
